[
  {
    "Id": 1,
    "PublicationId": 1,
    "UserId": 0,
    "InLibrary": true
  },
  {
    "Id": 2,
    "PublicationId": 2,
    "UserId": 0,
    "InLibrary": true
  },
  {
    "Id": 3,
    "PublicationId": 3,
    "UserId": 0,
    "InLibrary": true
  },
  {
    "Id": 4,
    "PublicationId": 4,
    "UserId": 0,
    "InLibrary": true
  },
  {
    "Id": 5,
    "PublicationId": 5,
    "UserId": 0,
    "InLibrary": true
  },
  {
    "Id": 6,
    "PublicationId": 6,
    "UserId": 0,
    "InLibrary": true
  },
  {
    "Id": 7,
    "PublicationId": 7,
    "UserId": 0,
    "InLibrary": true
  },
  {
    "Id": 8,
    "PublicationId": 8,
    "UserId": 0,
    "InLibrary": true
  },
  {
    "Id": 9,
    "PublicationId": 8,
    "UserId": 3,
    "InLibrary": false
  },
  {
    "Id": 10,
    "PublicationId": 5,
    "UserId": 3,
    "InLibrary": false
  },
  {
    "Id": 11,
    "PublicationId": 1,
    "UserId": 1,
    "InLibrary": true
  },
  {
    "Id": 12,
    "PublicationId": 6,
    "UserId": 3,
    "InLibrary": false
  },
  {
    "Id": 13,
    "PublicationId": 8,
    "UserId": 3,
    "InLibrary": true
  },
  {
    "Id": 0,
    "PublicationId": 3,
    "UserId": 1,
    "InLibrary": false
  }
]
