[{"Id":1,"Title":"White fang","Author":"Jack London","PublicationType":"Book","IsAvailable":false,"GetIsTest":false},{"Id":2,"Title":"Sherlock Holmes in London","Author":"Artur Conan Doyle","PublicationType":"Book","IsAvailable":false,"GetIsTest":false},{"Id":3,"Title":"1984","Author":"George Orwell","PublicationType":"Book","IsAvailable":false,"GetIsTest":false},{"Id":4,"Title":"Harry Potter and the Philoso","Author":"J.K.Rowling","PublicationType":"Book","IsAvailable":false,"GetIsTest":false},{"Id":5,"Title":"The Lord of Rings","Author":"J.R.R. Tolkien","PublicationType":"Book","IsAvailable":false,"GetIsTest":false},{"Id":6,"Title":"The Greate Gatsby","Author":"F. Scott Fitzgerald","PublicationType":"Book","IsAvailable":false,"GetIsTest":false},{"Id":7,"Title":"The Diary of a Young Girl","Author":"Anne Frank","PublicationType":"Book","IsAvailable":false,"GetIsTest":false},{"Id":25,"Title":"The Book Thief","Author":"Markus Zusak","PublicationType":"Book","IsAvailable":true,"GetIsTest":false}]