[{"Id":1,"FirstName":"Vlad","LastName":"Koval","Age":17,"PassportId":"AA345436","AcademicGroup":"student","IssuedPublicationNumber":0},{"Id":2,"FirstName":"Vladislav","LastName":"Kovalenko","Age":20,"PassportId":"AA234321","AcademicGroup":"student","IssuedPublicationNumber":0},{"Id":3,"FirstName":"Volodumyr","LastName":"Kovalchuk","Age":25,"PassportId":"AA563921","AcademicGroup":"student","IssuedPublicationNumber":3},{"Id":4,"FirstName":"Oleksandr","LastName":"Vihowskiy","Age":23,"PassportId":"AR241253","AcademicGroup":"scientist","IssuedPublicationNumber":0},{"Id":5,"FirstName":"Michailo","LastName":"Matusewich","Age":17,"PassportId":"AG368534","AcademicGroup":"user","IssuedPublicationNumber":0}]