[
  {
    "Id": 1,
    "FirstName": "Dima",
    "LastName": "Klymiuk",
    "Age": 29,
    "PassportId": "AA123456",
    "AcademicGroup": "scientist",
    "IssuedPublicationNumber": 1
  },
  {
    "Id": 2,
    "FirstName": "Vadim",
    "LastName": "Frinas",
    "Age": 20,
    "PassportId": "AA654321",
    "AcademicGroup": "student",
    "IssuedPublicationNumber": 5
  },
  {
    "Id": 3,
    "FirstName": "Victor",
    "LastName": "Lavrinenko",
    "Age": 22,
    "PassportId": "AD111111",
    "AcademicGroup": "user",
    "IssuedPublicationNumber": 2
  },
  {
    "Id": 4,
    "FirstName": "Bogdan",
    "LastName": "Loiko",
    "Age": 29,
    "PassportId": "DD222222",
    "AcademicGroup": "scientist",
    "IssuedPublicationNumber": 0
  },
  {
    "Id": 5,
    "FirstName": "Roma",
    "LastName": "Loiko",
    "Age": 20,
    "PassportId": "GF999999",
    "AcademicGroup": "student",
    "IssuedPublicationNumber": 0
  },
  {
    "Id": 6,
    "FirstName": "Maria",
    "LastName": "Pshenichna",
    "Age": 30,
    "PassportId": "KI777777",
    "AcademicGroup": "student",
    "IssuedPublicationNumber": 0
  },
  {
    "Id": 7,
    "FirstName": "Valeria",
    "LastName": "Kot",
    "Age": 21,
    "PassportId": "TY000000",
    "AcademicGroup": "user",
    "IssuedPublicationNumber": 0
  }
]
